name,sex,age,height,weight,team,noc,sport,event,medal
"Voldimars ""Valdemar"" Bandolowski",M,30,184.0,82.0,Denmark,DEN,Sailing,Sailing Mixed Three Person Keelboat,1st
Verner Blaudzun,M,30,173.0,68.0,Denmark,DEN,Cycling,Cycling Men's 100 kilometres Team Time Trial,3rd
Niels Christian Fredborg,M,29,176.0,75.0,Denmark,DEN,Cycling,"Cycling Men's 1,000 metres Time Trial",3rd
Enith Sijtje Maria Brigitha (-Salle),F,21,174.0,67.0,Netherlands,NED,Swimming,Swimming Women's 100 metres Freestyle,3rd
Enith Sijtje Maria Brigitha (-Salle),F,21,174.0,67.0,Netherlands,NED,Swimming,Swimming Women's 200 metres Freestyle,3rd
"Anton Gerrit Jan ""Ton"" Buunk",M,23,196.0,91.0,Netherlands,NED,Water Polo,Water Polo Men's Water Polo,3rd
Herman Ponsteen,M,23,181.0,86.0,Netherlands,NED,Cycling,"Cycling Men's Individual Pursuit, 4,000 metres",2nd
"Henricus Adrianus Joseph ""Eric"" Swinkels",M,27,185.0,83.0,Netherlands,NED,Shooting,Shooting Mixed Skeet,2nd
"Michel Taylor ""Tate"" Armstrong",M,20,190.0,77.0,United States,USA,Basketball,Basketball Men's Basketball,1st
"Jack Babashoff, Jr.",M,21,191.0,84.0,United States,USA,Swimming,Swimming Men's 100 metres Freestyle,2nd
"Jack Babashoff, Jr.",M,21,191.0,84.0,United States,USA,Swimming,Swimming Men's 4 x 100 metres Medley Relay,1st
Shirley Frances Babashoff,F,19,178.0,67.0,United States,USA,Swimming,Swimming Women's 200 metres Freestyle,2nd
Shirley Frances Babashoff,F,19,178.0,67.0,United States,USA,Swimming,Swimming Women's 400 metres Freestyle,2nd
Shirley Frances Babashoff,F,19,178.0,67.0,United States,USA,Swimming,Swimming Women's 800 metres Freestyle,2nd
Shirley Frances Babashoff,F,19,178.0,67.0,United States,USA,Swimming,Swimming Women's 4 x 100 metres Freestyle Relay,1st
Shirley Frances Babashoff,F,19,178.0,67.0,United States,USA,Swimming,Swimming Women's 4 x 100 metres Medley Relay,2nd
Lanny Robert Bassham,M,29,175.0,73.0,United States,USA,Shooting,"Shooting Mixed Small-Bore Rifle, Three Positions, 50 metres",1st
"Philip George ""Phil"" Boggs",M,26,165.0,59.0,United States,USA,Diving,Diving Men's Springboard,1st
Wendy Lou Lansbach Boglioli,F,21,180.0,64.0,United States,USA,Swimming,Swimming Women's 100 metres Butterfly,3rd
"Joseph Stuart ""Joe"" Bottom",M,21,194.0,87.0,United States,USA,Swimming,Swimming Men's 100 metres Butterfly,2nd
"Cynthia Jane ""Cindy"" Brogdon",F,19,177.0,70.0,United States,USA,Basketball,Basketball Women's Basketball,2nd
"Benjamin Gene ""Benny"" Brown",M,22,180.0,74.0,United States,USA,Athletics,Athletics Men's 4 x 400 metres Relay,1st
Carol Page Brown,F,23,172.0,67.0,United States,USA,Rowing,Rowing Women's Coxed Eights,3rd
"Michael Lee ""Mike"" Bruner",M,19,179.0,73.0,United States,USA,Swimming,Swimming Men's 4 x 200 metres Freestyle Relay,1st
"Michael Lee ""Mike"" Bruner",M,19,179.0,73.0,United States,USA,Swimming,Swimming Men's 200 metres Butterfly,1st
Rosalyn Evette Bryant (-Clark),F,20,165.0,57.0,United States,USA,Athletics,Athletics Women's 4 x 400 metres Relay,2nd
James Aaron Butts,M,26,188.0,82.0,United States,USA,Athletics,Athletics Men's Triple Jump,2nd
Jennifer Kay Bellamy Chandler,F,17,168.0,52.0,United States,USA,Diving,Diving Women's Springboard,1st
Allen James Coage,M,32,188.0,114.0,United States,USA,Judo,Judo Men's Heavyweight,3rd
Calvin Thomas Coffey,M,25,188.0,91.0,United States,USA,Rowing,Rowing Men's Coxless Pairs,2nd
"Edmund Sloane ""Tad"" Coffin",M,21,180.0,66.0,United States,USA,Equestrianism,"Equestrianism Mixed Three-Day Event, Individual",1st
"Edmund Sloane ""Tad"" Coffin",M,21,180.0,66.0,United States,USA,Equestrianism,"Equestrianism Mixed Three-Day Event, Team",1st
"Richard Phillip ""Rick"" Colella, Jr.",M,24,186.0,82.0,United States,USA,Swimming,Swimming Men's 200 metres Breaststroke,3rd
Dennis Walter Conner,M,33,186.0,89.0,United States,USA,Sailing,Sailing Mixed Two Person Keelboat,3rd
"Wilbur D. ""Willie"" Davenport",M,33,186.0,84.0,United States,USA,Athletics,Athletics Men's 110 metres Hurdles,3rd
"Eugene Lee ""Gene"" Davis",M,30,168.0,61.0,United States,USA,Wrestling,"Wrestling Men's Featherweight, Freestyle",3rd
"Howard Edward Davis, Jr.",M,20,178.0,60.0,United States,USA,Boxing,Boxing Men's Lightweight,1st
"Stanley Joseph ""Stan"" Dziedzic, Jr.",M,27,178.0,74.0,United States,USA,Wrestling,"Wrestling Men's Welterweight, Freestyle",3rd
Dwayne Eugene Evans,M,17,183.0,66.0,United States,USA,Athletics,Athletics Men's 200 metres,3rd
"William Ronald ""Bill"" Forrester, Jr.",M,18,180.0,79.0,United States,USA,Swimming,Swimming Men's 200 metres Butterfly,3rd
Herman Ronald Frazier,M,21,184.0,73.0,United States,USA,Athletics,Athletics Men's 400 metres,3rd
Bruce MacFarlane Furniss,M,19,183.0,73.0,United States,USA,Swimming,Swimming Men's 200 metres Freestyle,1st
Harvey Edward Glance,M,19,173.0,67.0,United States,USA,Athletics,Athletics Men's 4 x 100 metres Relay,1st
"Walter Merrill Glasgow, Jr.",M,19,183.0,80.0,United States,USA,Sailing,Sailing Mixed Three Person Keelboat,2nd
Brian Stuart Goodell,M,17,173.0,67.0,United States,USA,Swimming,Swimming Men's 400 metres Freestyle,1st
Brian Stuart Goodell,M,17,173.0,67.0,United States,USA,Swimming,"Swimming Men's 1,500 metres Freestyle",1st
"Steven Garrett ""Steve"" Gregg",M,20,193.0,84.0,United States,USA,Swimming,Swimming Men's 200 metres Butterfly,2nd
Hilda Carolyn Gurney,F,32,168.0,63.0,United States,USA,Equestrianism,"Equestrianism Mixed Dressage, Team",3rd
"Robert William ""Bobby"" Hackett, Jr.",M,16,188.0,83.0,United States,USA,Swimming,"Swimming Men's 1,500 metres Freestyle",2nd
"Donald Stanley ""Don"" Haldeman",M,29,186.0,93.0,United States,USA,Shooting,Shooting Mixed Trap,1st
"Gary Wayne Hall, Sr.",M,24,186.0,74.0,United States,USA,Swimming,Swimming Men's 100 metres Butterfly,3rd
"Millard Frank Hampton, Jr.",M,20,180.0,75.0,United States,USA,Athletics,Athletics Men's 200 metres,2nd
"Daniel Lee ""Dan"" Harrigan",M,20,182.0,77.0,United States,USA,Swimming,Swimming Men's 200 metres Backstroke,3rd
"Russell Owen ""Russ"" Hellickson",M,28,180.0,95.0,United States,USA,Wrestling,"Wrestling Men's Heavyweight, Freestyle",2nd
John Frederick Hencken,M,22,183.0,77.0,United States,USA,Swimming,Swimming Men's 100 metres Breaststroke,1st
John Frederick Hencken,M,22,183.0,77.0,United States,USA,Swimming,Swimming Men's 200 metres Breaststroke,2nd
"Lee Roy James, Jr.",M,22,173.0,90.0,United States,USA,Weightlifting,Weightlifting Men's Middle-Heavyweight,2nd
William Bruce (-Caitlyn Marie) Jenner,M,26,188.0,88.0,United States,USA,Athletics,Athletics Men's Decathlon,1st
"Lloyd Weldon ""Butch"" Keaser",M,26,170.0,68.0,United States,USA,Wrestling,"Wrestling Men's Lightweight, Freestyle",2nd
Peter Martin Kormann,M,21,170.0,58.0,United States,USA,Gymnastics,Gymnastics Men's Floor Exercise,3rd
"Ray Charles ""Sugar Ray"" Leonard",M,20,178.0,62.0,United States,USA,Boxing,Boxing Men's Light-Welterweight,1st
Joan Louise Lind (-Van Blom),F,23,175.0,68.0,United States,USA,Rowing,Rowing Women's Single Sculls,2nd
"Gregory Efthimios ""Greg"" Louganis",M,16,175.0,73.0,United States,USA,Diving,Diving Men's Platform,2nd
David Rockwell McFaull,M,27,178.0,64.0,United States,USA,Sailing,Sailing Mixed Multihull,2nd
"Alexander Timothy ""Tim"" McKee",M,23,173.0,70.0,United States,USA,Swimming,Swimming Men's 400 metres Individual Medley,2nd
Kathy Laverne McMillan (-Ray),F,18,170.0,57.0,United States,USA,Athletics,Athletics Women's Long Jump,2nd
"James Paul ""Jim"" Montgomery",M,21,191.0,88.0,United States,USA,Swimming,Swimming Men's 100 metres Freestyle,1st
"James Paul ""Jim"" Montgomery",M,21,191.0,88.0,United States,USA,Swimming,Swimming Men's 200 metres Freestyle,3rd
"Charles Michael ""Charlie"" Mooney",M,25,165.0,54.0,United States,USA,Boxing,Boxing Men's Bantamweight,2nd
Edwin Corley Moses,M,20,186.0,72.0,United States,USA,Athletics,Athletics Men's 400 metres Hurdles,1st
Margaret Murdock (Thompson-),F,33,163.0,73.0,United States,USA,Shooting,"Shooting Mixed Small-Bore Rifle, Three Positions, 50 metres",2nd
John Phillips Naber,M,20,198.0,88.0,United States,USA,Swimming,Swimming Men's 200 metres Freestyle,2nd
John Phillips Naber,M,20,198.0,88.0,United States,USA,Swimming,Swimming Men's 100 metres Backstroke,1st
John Phillips Naber,M,20,198.0,88.0,United States,USA,Swimming,Swimming Men's 200 metres Backstroke,1st
"Frederick Vaughn ""Fred"" Newhouse",M,27,175.0,68.0,United States,USA,Athletics,Athletics Men's 400 metres,2nd
Darrell Owen Pace,M,19,180.0,64.0,United States,USA,Archery,Archery Men's Individual,1st
"Benjamin Lee ""Ben"" Peterson",M,26,187.0,90.0,United States,USA,Wrestling,"Wrestling Men's Light-Heavyweight, Freestyle",2nd
John Allan Peterson,M,27,180.0,82.0,United States,USA,Wrestling,"Wrestling Men's Middleweight, Freestyle",1st
John Michael Plumb,M,36,183.0,88.0,United States,USA,Equestrianism,"Equestrianism Mixed Three-Day Event, Individual",2nd
"Cynthia Ann ""Cindy"" Potter-McIngvale (-Lasser)",F,25,158.0,66.0,United States,USA,Diving,Diving Women's Springboard,3rd
John Gates Powell,M,29,188.0,110.0,United States,USA,Athletics,Athletics Men's Discus Throw,3rd
"Leonard ""Leo"" Randolph",M,18,172.0,51.0,United States,USA,Boxing,Boxing Men's Flyweight,1st
"David Luther ""Dave"" Roberts",M,24,188.0,81.0,United States,USA,Athletics,Athletics Men's Pole Vault,3rd
"Clarence Earl ""Arnie"" Robinson, Jr.",M,28,188.0,74.0,United States,USA,Athletics,Athletics Men's Long Jump,1st
Peter Drake Rocca,M,18,191.0,80.0,United States,USA,Swimming,Swimming Men's 100 metres Backstroke,2nd
Peter Drake Rocca,M,18,191.0,80.0,United States,USA,Swimming,Swimming Men's 200 metres Backstroke,2nd
Luann Marie Ryon,F,23,175.0,72.0,United States,USA,Archery,Archery Women's Individual,1st
"Kathryn Joan ""Kate"" Schmidt",F,22,186.0,80.0,United States,USA,Athletics,Athletics Women's Javelin Throw,3rd
"Timothy Andrew ""Tim"" Shaw",M,18,188.0,89.0,United States,USA,Swimming,Swimming Men's 400 metres Freestyle,2nd
"Michael Lyle ""Mike"" Shine",M,22,183.0,75.0,United States,USA,Athletics,Athletics Men's 400 metres Hurdles,2nd
Frank Charles Shorter,M,28,178.0,61.0,United States,USA,Athletics,Athletics Men's Marathon,2nd
"Leonard ""Leon"" Spinks, Jr.",M,23,183.0,81.0,United States,USA,Boxing,Boxing Men's Light-Heavyweight,1st
Michael Spinks,M,19,188.0,75.0,United States,USA,Boxing,Boxing Men's Middleweight,1st
Dwight Edwin Stones,M,22,197.0,81.0,United States,USA,Athletics,Athletics Men's High Jump,3rd
"Rodney ""Rod"" Strachan",M,20,183.0,77.0,United States,USA,Swimming,Swimming Men's 400 metres Individual Medley,1st
"John ""Johnny"" Tate",M,21,193.0,104.0,United States,USA,Boxing,Boxing Men's Heavyweight,3rd
"Matthew Haynes ""Matt"" Vogel",M,19,186.0,85.0,United States,USA,Swimming,Swimming Men's 100 metres Butterfly,1st
"Wendy Weinberg (-Farber, -Weil)",F,18,168.0,57.0,United States,USA,Swimming,Swimming Women's 800 metres Freestyle,3rd
Mac Maurice Wilkins,M,25,193.0,115.0,United States,USA,Athletics,Athletics Men's Discus Throw,1st
"Randel Lavelle ""Randy"" Williams",M,22,178.0,69.0,United States,USA,Athletics,Athletics Men's Long Jump,2nd
"Deborah Keplar ""Debbie"" Wilson",F,20,165.0,52.0,United States,USA,Diving,Diving Women's Platform,3rd
"Richard Charles ""Rick"" Wohlhuter",M,27,175.0,60.0,United States,USA,Athletics,Athletics Men's 800 metres,3rd
Antti Tapani Kalliomki,M,29,184.0,77.5,Finland,FIN,Athletics,Athletics Men's Pole Vault,2nd
Pertti Johannes Karppinen,M,23,201.0,100.0,Finland,FIN,Rowing,Rowing Men's Single Sculls,1st
Hannu Juhani Siitonen,M,27,183.0,87.0,Finland,FIN,Athletics,Athletics Men's Javelin Throw,2nd
Pertti Olavi Ukkola,M,25,169.0,57.0,Finland,FIN,Wrestling,"Wrestling Men's Bantamweight, Greco-Roman",1st
Lasse Artturi Virn,M,26,180.0,60.0,Finland,FIN,Athletics,"Athletics Men's 5,000 metres",1st
Lasse Artturi Virn,M,26,180.0,60.0,Finland,FIN,Athletics,"Athletics Men's 10,000 metres",1st
Rolf Siljan Andreassen,M,27,190.0,88.0,Norway,NOR,Rowing,Rowing Men's Coxless Fours,2nd
Alf John Hansen,M,28,185.0,85.0,Norway,NOR,Rowing,Rowing Men's Double Sculls,1st
Felicia Afrsiloaie (-Jitianu),F,22,178.0,70.0,Romania,ROU,Rowing,Rowing Women's Coxed Quadruple Sculls,3rd
Gheorghe Berceanu,M,26,150.0,51.0,Romania,ROU,Wrestling,"Wrestling Men's Light-Flyweight, Greco-Roman",2nd
tefan Birtalan,M,27,194.0,96.0,Romania,ROU,Handball,Handball Men's Handball,2nd
Roman Codreanu,M,23,194.0,146.0,Romania,ROU,Wrestling,"Wrestling Men's Super-Heavyweight, Greco-Roman",3rd
Nadia Elena Comneci (-Conner),F,14,162.0,45.0,Romania,ROU,Gymnastics,Gymnastics Women's Individual All-Around,1st
Nadia Elena Comneci (-Conner),F,14,162.0,45.0,Romania,ROU,Gymnastics,Gymnastics Women's Team All-Around,2nd
Nadia Elena Comneci (-Conner),F,14,162.0,45.0,Romania,ROU,Gymnastics,Gymnastics Women's Floor Exercise,3rd
Nadia Elena Comneci (-Conner),F,14,162.0,45.0,Romania,ROU,Gymnastics,Gymnastics Women's Uneven Bars,1st
Nadia Elena Comneci (-Conner),F,14,162.0,45.0,Romania,ROU,Gymnastics,Gymnastics Women's Balance Beam,1st
Simion Cuov,M,24,175.0,60.0,Romania,ROU,Boxing,Boxing Men's Lightweight,2nd
Costic Dafinoiu,M,22,183.0,81.0,Romania,ROU,Boxing,Boxing Men's Light-Heavyweight,3rd
Gheorghe Danielov,M,28,175.0,78.0,Romania,ROU,Canoeing,"Canoeing Men's Canadian Doubles, 1,000 metres",2nd
Vasile Dba,M,21,182.0,86.0,Romania,ROU,Canoeing,"Canoeing Men's Kayak Singles, 500 metres",1st
Vasile Dba,M,21,182.0,86.0,Romania,ROU,Canoeing,"Canoeing Men's Kayak Singles, 1,000 metres",3rd
Nicu Ging,M,23,158.0,55.0,Romania,ROU,Wrestling,"Wrestling Men's Flyweight, Greco-Roman",2nd
"Dnut ""Dan"" Grecu",M,25,170.0,66.0,Romania,ROU,Gymnastics,Gymnastics Men's Rings,3rd
Dan Constantin Irimiciuc,M,27,187.0,82.0,Romania,ROU,Fencing,"Fencing Men's Sabre, Team",3rd
Policarp Malhin,M,22,178.0,74.0,Romania,ROU,Canoeing,"Canoeing Men's Kayak Doubles, 500 metres",3rd
Gheorghe Megelea,M,22,192.0,101.0,Romania,ROU,Athletics,Athletics Men's Javelin Throw,3rd
Stelian Morcov,M,24,186.0,93.0,Romania,ROU,Wrestling,"Wrestling Men's Light-Heavyweight, Freestyle",3rd
"Alexandru ""Alec"" Nstac",M,27,177.0,75.0,Romania,ROU,Boxing,Boxing Men's Middleweight,3rd
tefan Rusu,M,20,178.0,74.0,Romania,ROU,Wrestling,"Wrestling Men's Lightweight, Greco-Roman",2nd
Mircea Simion,M,22,,,Romania,ROU,Boxing,Boxing Men's Heavyweight,2nd
Ladislau imon,M,24,183.0,114.0,Romania,ROU,Wrestling,"Wrestling Men's Super-Heavyweight, Freestyle",3rd
Teodora Ungureanu (-Cepoi),F,15,150.0,44.0,Romania,ROU,Gymnastics,Gymnastics Women's Uneven Bars,2nd
Teodora Ungureanu (-Cepoi),F,15,150.0,44.0,Romania,ROU,Gymnastics,Gymnastics Women's Balance Beam,3rd
Victor Zilberman,M,28,178.0,67.0,Romania,ROU,Boxing,Boxing Men's Welterweight,3rd
Henri Louis Borio,M,24,170.0,69.0,France,FRA,Gymnastics,Gymnastics Men's Horizontal Bar,3rd
Guy Drut,M,25,188.0,74.0,France,FRA,Athletics,Athletics Men's 110 metres Hurdles,1st
Didier Flament,M,25,170.0,69.0,France,FRA,Fencing,"Fencing Men's Foil, Team",3rd
Brigitte Gapais-Dumont,F,32,164.0,50.0,France,FRA,Fencing,"Fencing Women's Foil, Team",2nd
Daniel Yves Morelon,M,31,181.0,79.0,France,FRA,Cycling,Cycling Men's Sprint,2nd
Hubert Andr Parot,M,43,168.0,76.0,France,FRA,Equestrianism,"Equestrianism Mixed Jumping, Team",1st
Daniel Charles Thodule Senet,M,23,162.0,66.0,France,FRA,Weightlifting,Weightlifting Men's Lightweight,2nd
Bernard Grard Talvard,M,28,180.0,74.0,France,FRA,Fencing,"Fencing Men's Foil, Individual",3rd
Patrick Lucien Vial,M,29,170.0,70.0,France,FRA,Judo,Judo Men's Half-Middleweight,3rd
Jos Mara Esteban Celorrio,M,22,178.0,77.0,Spain,ESP,Canoeing,"Canoeing Men's Kayak Fours, 1,000 metres",2nd
Antonio Gorostegui Ceballos,M,22,180.0,70.0,Spain,ESP,Sailing,Sailing Mixed Two Person Dinghy,2nd
Mansour Barzegar,M,29,178.0,74.0,Iran,IRI,Wrestling,"Wrestling Men's Welterweight, Freestyle",2nd
Mohammad Nassiri Seresht,M,30,150.0,52.0,Iran,IRI,Weightlifting,Weightlifting Men's Flyweight,3rd
Stefan Georgiev Angelov,M,29,152.0,48.0,Bulgaria,BUL,Wrestling,"Wrestling Men's Light-Flyweight, Greco-Roman",3rd
Yordanka Blagoeva Ivanova,F,29,175.0,64.0,Bulgaria,BUL,Athletics,Athletics Women's High Jump,3rd
Krasimira Nikolova Bogdanova,F,27,182.0,73.0,Bulgaria,BUL,Basketball,Basketball Women's Basketball,3rd
Kapka Georgieva (-Panayotova),F,24,154.0,45.0,Bulgaria,BUL,Rowing,Rowing Women's Coxed Fours,2nd
Kamen Lozanov Goranov,M,28,182.0,98.0,Bulgaria,BUL,Wrestling,"Wrestling Men's Heavyweight, Greco-Roman",2nd
Stoyanka Gruycheva-Kurbatova,F,21,174.0,74.0,Bulgaria,BUL,Rowing,Rowing Women's Coxless Pairs,1st
Khasan Murselov Isaev,M,23,155.0,48.0,Bulgaria,BUL,Wrestling,"Wrestling Men's Light-Flyweight, Freestyle",1st
Ivanka Marinova Khristova (Todorova-),F,34,172.0,83.0,Bulgaria,BUL,Athletics,Athletics Women's Shot Put,1st
Ivan Kolev Ivanov,M,25,178.0,82.0,Bulgaria,BUL,Wrestling,"Wrestling Men's Middleweight, Greco-Roman",3rd
Vladimir Kolev,M,22,177.0,63.0,Bulgaria,BUL,Boxing,Boxing Men's Light-Welterweight,3rd
Dimo Kostov Stratiev,M,29,175.0,100.0,Bulgaria,BUL,Wrestling,"Wrestling Men's Heavyweight, Freestyle",3rd
Yordan Mitkov,M,20,170.0,75.0,Bulgaria,BUL,Weightlifting,Weightlifting Men's Middleweight,1st
Stoyan Nikolov Ivanov,M,27,182.0,90.0,Bulgaria,BUL,Wrestling,"Wrestling Men's Light-Heavyweight, Greco-Roman",2nd
Norayr Aram Nurikyan,M,27,155.0,58.0,Bulgaria,BUL,Weightlifting,Weightlifting Men's Bantamweight,1st
Svetla Khristova Otsetova,F,25,171.0,62.0,Bulgaria,BUL,Rowing,Rowing Women's Double Sculls,1st
Krastyu Semerdzhiev,M,22,179.0,107.0,Bulgaria,BUL,Weightlifting,Weightlifting Men's Heavyweight,2nd
Atanas Shopov,M,24,177.0,90.0,Bulgaria,BUL,Weightlifting,Weightlifting Men's Middle-Heavyweight,3rd
Nikolina Pavlova Shtereva,F,21,172.0,59.0,Bulgaria,BUL,Athletics,Athletics Women's 800 metres,2nd
Trendafil Stoychev,M,23,170.0,82.0,Bulgaria,BUL,Weightlifting,Weightlifting Men's Light-Heavyweight,2nd
Georgi Todorov,M,23,154.0,58.0,Bulgaria,BUL,Weightlifting,Weightlifting Men's Featherweight,2nd
Aleksandar Tomov Lazarov,M,27,191.0,109.0,Bulgaria,BUL,Wrestling,"Wrestling Men's Super-Heavyweight, Greco-Roman",2nd
Mariya Dimitrova Vergova-Petkova,F,25,185.0,105.0,Bulgaria,BUL,Athletics,Athletics Women's Discus Throw,2nd
Alberto Alberani Samaritani,M,29,192.0,82.0,Italy,ITA,Water Polo,Water Polo Men's Water Polo,2nd
Angelo Arcidiacono,M,20,174.0,74.0,Italy,ITA,Fencing,"Fencing Men's Sabre, Team",2nd
Ubaldesco Baldi,M,32,185.0,82.0,Italy,ITA,Shooting,Shooting Mixed Trap,3rd
Franco Giorgio Cagnotto,M,29,163.0,60.0,Italy,ITA,Diving,Diving Men's Springboard,2nd
Attilio Calatroni,M,26,174.0,63.0,Italy,ITA,Fencing,"Fencing Men's Foil, Team",2nd
Maria Consolata Collino,F,28,173.0,67.0,Italy,ITA,Fencing,"Fencing Women's Foil, Individual",2nd
Fabio Dal Zotto,M,19,186.0,70.0,Italy,ITA,Fencing,"Fencing Men's Foil, Individual",1st
Klaus Dibiasi,M,28,180.0,74.0,Italy,ITA,Diving,Diving Men's Platform,1st
Giancarlo Ferrari,M,33,166.0,70.0,Italy,ITA,Archery,Archery Men's Individual,3rd
Roberto Ferraris,M,24,184.0,68.0,Italy,ITA,Shooting,"Shooting Mixed Rapid-Fire Pistol, 25 metres",3rd
Felice Mariani,M,22,160.0,60.0,Italy,ITA,Judo,Judo Men's Lightweight,3rd
Giuseppe Martinelli,M,21,174.0,74.0,Italy,ITA,Cycling,"Cycling Men's Road Race, Individual",2nd
Sara Simeoni (-Azzaro),F,23,178.0,60.0,Italy,ITA,Athletics,Athletics Women's High Jump,2nd
Andrs Aldama Cabrera,M,20,183.0,63.0,Cuba,CUB,Boxing,Boxing Men's Light-Welterweight,2nd
Alejandro Francisco Casaas Ramrez,M,22,188.0,79.0,Cuba,CUB,Athletics,Athletics Men's 110 metres Hurdles,2nd
Ramn Duvaln Carrin,M,21,167.0,51.0,Cuba,CUB,Boxing,Boxing Men's Flyweight,2nd
Alfredo Figueredo Ricardo,M,24,185.0,85.0,Cuba,CUB,Volleyball,Volleyball Men's Volleyball,3rd
Rolando Garbey Garbey,M,28,183.0,71.0,Cuba,CUB,Boxing,Boxing Men's Light-Middleweight,3rd
Jorge Hernndez Padrn,M,21,170.0,47.0,Cuba,CUB,Boxing,Boxing Men's Light-Flyweight,1st
Angel Herrera Vera,M,18,159.0,57.0,Cuba,CUB,Boxing,Boxing Men's Featherweight,1st
Alberto Juantorena Danger,M,25,190.0,84.0,Cuba,CUB,Athletics,Athletics Men's 400 metres,1st
Alberto Juantorena Danger,M,25,190.0,84.0,Cuba,CUB,Athletics,Athletics Men's 800 metres,1st
Luis Felipe Martnez Snchez,M,21,185.0,74.0,Cuba,CUB,Boxing,Boxing Men's Middleweight,3rd
Hctor Rodrguez Torres,M,24,167.0,63.0,Cuba,CUB,Judo,Judo Men's Lightweight,1st
Sixto Soria Cabrera,M,22,188.0,81.0,Cuba,CUB,Boxing,Boxing Men's Light-Heavyweight,2nd
Tefilo Stevenson Laurence,M,24,190.0,95.0,Cuba,CUB,Boxing,Boxing Men's Heavyweight,1st
Daniel Bautista Rocha,M,23,170.0,68.0,Mexico,MEX,Athletics,Athletics Men's 20 kilometres Walk,1st
Juan Paredes Miranda,M,23,171.0,57.0,Mexico,MEX,Boxing,Boxing Men's Featherweight,3rd
Liudmyla Vasylivna Aksenova (Shapovalova-),F,29,165.0,58.0,Soviet Union,URS,Athletics,Athletics Women's 4 x 400 metres Relay,3rd
Aleksandr Timofeyevich Aksinin,M,21,173.0,67.0,Soviet Union,URS,Athletics,Athletics Men's 4 x 100 metres Relay,3rd
Vladyslav Ivanovych Akymenko,M,23,192.0,88.0,Soviet Union,URS,Sailing,Sailing Mixed Two Person Keelboat,2nd
Larisa Aleksandrova-Popova,F,19,180.0,83.0,Soviet Union,URS,Rowing,Rowing Women's Coxed Quadruple Sculls,2nd
Vasily Ivanovich Alekseyev,M,34,185.0,160.0,Soviet Union,URS,Weightlifting,Weightlifting Men's Super-Heavyweight,1st
Vladimir Petrovich Aleynik,M,23,184.0,74.0,Soviet Union,URS,Diving,Diving Men's Platform,3rd
Lidiya Nikolayevna Alfeyeva,F,30,170.0,62.0,Soviet Union,URS,Athletics,Athletics Women's Long Jump,3rd
Soslan Petrovich Andiyev,M,24,194.0,125.0,Soviet Union,URS,Wrestling,"Wrestling Men's Super-Heavyweight, Freestyle",1st
Nikolay Yefimovich Andrianov,M,23,166.0,60.0,Soviet Union,URS,Gymnastics,Gymnastics Men's Individual All-Around,1st
Nikolay Yefimovich Andrianov,M,23,166.0,60.0,Soviet Union,URS,Gymnastics,Gymnastics Men's Team All-Around,2nd
Nikolay Yefimovich Andrianov,M,23,166.0,60.0,Soviet Union,URS,Gymnastics,Gymnastics Men's Floor Exercise,1st
Nikolay Yefimovich Andrianov,M,23,166.0,60.0,Soviet Union,URS,Gymnastics,Gymnastics Men's Horse Vault,1st
Nikolay Yefimovich Andrianov,M,23,166.0,60.0,Soviet Union,URS,Gymnastics,Gymnastics Men's Parallel Bars,2nd
Nikolay Yefimovich Andrianov,M,23,166.0,60.0,Soviet Union,URS,Gymnastics,Gymnastics Men's Rings,1st
Nikolay Yefimovich Andrianov,M,23,166.0,60.0,Soviet Union,URS,Gymnastics,Gymnastics Men's Pommelled Horse,3rd
Tatyana Mikhaylovna Anisimova (Poluboyarova-),F,26,172.0,65.0,Soviet Union,URS,Athletics,Athletics Women's 100 metres Hurdles,2nd
Vera Vasilyevna Anisimova (Mikheyeva-),F,24,167.0,52.0,Soviet Union,URS,Athletics,Athletics Women's 4 x 100 metres Relay,3rd
Aleksandre Anp'ilogovi,M,22,203.0,96.0,Soviet Union,URS,Handball,Handball Men's Handball,1st
Yelena Petrovna Antonova,F,23,180.0,78.0,Soviet Union,URS,Rowing,Rowing Women's Single Sculls,3rd
Raul Arnemann,M,23,186.0,82.0,Soviet Union,URS,Rowing,Rowing Men's Coxless Fours,3rd
Vladimir Ivanovich Arzamaskov,M,25,190.0,87.0,Soviet Union,URS,Basketball,Basketball Men's Basketball,3rd
Vladimir Aleksandrovich Astapovsky,M,30,186.0,82.0,Soviet Union,URS,Football,Football Men's Football,3rd
Mykola Viktorovych Avilov,M,27,191.0,89.0,Soviet Union,URS,Athletics,Athletics Men's Decathlon,3rd
Andrey Vasilyevich Balashov,M,30,175.0,93.0,Soviet Union,URS,Sailing,Sailing Mixed One Person Dinghy,2nd
Nikolay Fyodorovich Balboshin,M,27,188.0,100.0,Soviet Union,URS,Wrestling,"Wrestling Men's Heavyweight, Greco-Roman",1st
Olga Fyodorovna Barysheva-Korostelyova,F,21,168.0,67.0,Soviet Union,URS,Basketball,Basketball Women's Basketball,1st
Aleksandr Georgiyevich Baryshnikov,M,27,198.0,130.0,Soviet Union,URS,Athletics,Athletics Men's Shot Put,3rd
Dmitry Nikolayevich Bekhterev,M,26,194.0,93.0,Soviet Union,URS,Rowing,Rowing Men's Coxed Pairs,2nd
Liubov Ivanivna Berezhna-Odynokova,F,20,167.0,61.0,Soviet Union,URS,Handball,Handball Women's Handball,1st
Larisa Abramovna Bergen (Goncharova-),F,26,171.0,67.0,Soviet Union,URS,Volleyball,Volleyball Women's Volleyball,2nd
Andrey Nikolayevich Bogdanov,M,18,,,Soviet Union,URS,Swimming,Swimming Men's 4 x 200 metres Freestyle Relay,2nd
Anatoliy Pavlovych Bondarchuk,M,36,183.0,113.0,Soviet Union,URS,Athletics,Athletics Men's Hammer Throw,3rd
Valeriy Pylypovych Borzov,M,26,183.0,80.0,Soviet Union,URS,Athletics,Athletics Men's 100 metres,3rd
Mikhail Ivanovich Burtsev,M,20,178.0,74.0,Soviet Union,URS,Fencing,"Fencing Men's Sabre, Team",1st
Vytautas Butkus,M,26,190.0,86.0,Soviet Union,URS,Rowing,Rowing Men's Quadruple Sculls,2nd
Anatoly Mikhaylovich Bykov,M,22,170.0,74.0,Soviet Union,URS,Wrestling,"Wrestling Men's Welterweight, Greco-Roman",1st
Valery Andreyevich Chaplygin,M,24,186.0,80.0,Soviet Union,URS,Cycling,Cycling Men's 100 kilometres Team Time Trial,1st
Vladimir Vasilyevich Cheboksarov,M,24,173.0,82.0,Soviet Union,URS,Wrestling,"Wrestling Men's Middleweight, Greco-Roman",2nd
Vladimir Dmitriyevich Chernyshov,M,25,193.0,93.0,Soviet Union,URS,Volleyball,Volleyball Men's Volleyball,2nd
Nadezhda Vladimirovna Chizhova,F,30,174.0,90.0,Soviet Union,URS,Athletics,Athletics Women's Shot Put,2nd
Shota Chochishvili,M,26,190.0,110.0,Soviet Union,URS,Judo,Judo Men's Open Class,3rd
Serhiy Oleksiyovych Chukhrai,M,21,184.0,84.0,Soviet Union,URS,Canoeing,"Canoeing Men's Kayak Fours, 1,000 metres",1st
Nelson Amoiakovych Davydian,M,26,160.0,62.0,Soviet Union,URS,Wrestling,"Wrestling Men's Featherweight, Greco-Roman",2nd
Aleksandr Nikolayevich Dityatin,M,18,178.0,70.0,Soviet Union,URS,Gymnastics,Gymnastics Men's Rings,2nd
Roman Mikhaylovich Dmitriyev,M,27,154.0,48.0,Soviet Union,URS,Wrestling,"Wrestling Men's Light-Flyweight, Freestyle",2nd
Valeriy Vasylovych Dvoinikov,M,26,170.0,77.0,Soviet Union,URS,Judo,Judo Men's Middleweight,2nd
Mariya Yevgenyevna Filatova (-Kurbatova),F,14,136.0,30.0,Soviet Union,URS,Gymnastics,Gymnastics Women's Team All-Around,1st
Yevgeny Mikhaylovich Gavrilenko,M,25,187.0,76.0,Soviet Union,URS,Athletics,Athletics Men's 400 metres Hurdles,3rd
Aleksandr Vasilyevich Gazov,M,30,182.0,84.0,Soviet Union,URS,Shooting,"Shooting Mixed Running Target, 50 metres",1st
Nailya Fayzrakhmanovna Gilyazova,F,23,161.0,58.0,Soviet Union,URS,Fencing,"Fencing Women's Foil, Team",1st
Nina Yuryevna Gopova-Trofimova,F,23,172.0,71.0,Soviet Union,URS,Canoeing,"Canoeing Women's Kayak Doubles, 500 metres",1st
Olha Mykolavna Huzenko (-Bezik),F,20,180.0,86.0,Soviet Union,URS,Rowing,Rowing Women's Coxed Eights,2nd
Aleksandr Nikolayevich Ivanov,M,25,158.0,52.0,Soviet Union,URS,Wrestling,"Wrestling Men's Flyweight, Freestyle",2nd
Nikolay Petrovich Ivanov,M,26,190.0,92.0,Soviet Union,URS,Rowing,Rowing Men's Coxed Fours,1st
Arvydas Juozaitis,M,20,,,Soviet Union,URS,Swimming,Swimming Men's 100 metres Breaststroke,3rd
Eleonora Kaminskait (Ruokien-),F,25,178.0,70.0,Soviet Union,URS,Rowing,Rowing Women's Double Sculls,3rd
Tatyana Vasilyevna Kazankina (-Kovalenko),F,24,162.0,47.0,Soviet Union,URS,Athletics,Athletics Women's 800 metres,1st
Tatyana Vasilyevna Kazankina (-Kovalenko),F,24,162.0,47.0,Soviet Union,URS,Athletics,"Athletics Women's 1,500 metres",1st
Aleksandr Petrovich Kedyarov,M,28,187.0,85.0,Soviet Union,URS,Shooting,"Shooting Mixed Running Target, 50 metres",2nd
Ramaz Kharshiladze,M,25,182.0,95.0,Soviet Union,URS,Judo,Judo Men's Half-Heavyweight,2nd
"Nellya Vladimirovna ""Nelli"" Kim (-Achasov)",F,18,152.0,47.0,Soviet Union,URS,Gymnastics,Gymnastics Women's Individual All-Around,2nd
"Nellya Vladimirovna ""Nelli"" Kim (-Achasov)",F,18,152.0,47.0,Soviet Union,URS,Gymnastics,Gymnastics Women's Floor Exercise,1st
"Nellya Vladimirovna ""Nelli"" Kim (-Achasov)",F,18,152.0,47.0,Soviet Union,URS,Gymnastics,Gymnastics Women's Horse Vault,1st
Oleksandr Leonidovych Kolchynskiy,M,21,193.0,115.0,Soviet Union,URS,Wrestling,"Wrestling Men's Super-Heavyweight, Greco-Roman",1st
Nikolay Alekseyevich Kolesnikov,M,24,157.0,62.0,Soviet Union,URS,Weightlifting,Weightlifting Men's Featherweight,1st
Vitaly Viktorovich Konstantinov,M,27,164.0,52.0,Soviet Union,URS,Wrestling,"Wrestling Men's Flyweight, Greco-Roman",1st
"Olga Valentinovna Korbut (-Bortkevich, -Voynich)",F,21,152.0,39.0,Soviet Union,URS,Gymnastics,Gymnastics Women's Balance Beam,2nd
Petro Kindratovych Korol,M,35,160.0,70.0,Soviet Union,URS,Weightlifting,Weightlifting Men's Lightweight,1st
Tatyana Vasilyevna Korshunova,F,20,162.0,60.0,Soviet Union,URS,Canoeing,"Canoeing Women's Kayak Singles, 500 metres",2nd
Aleksandr Mikhaylovich Kosenkov,M,19,176.0,72.0,Soviet Union,URS,Diving,Diving Men's Springboard,3rd
Marina Vladimirovna Koshevaya,F,16,167.0,58.0,Soviet Union,URS,Swimming,Swimming Women's 100 metres Breaststroke,3rd
Marina Vladimirovna Koshevaya,F,16,167.0,58.0,Soviet Union,URS,Swimming,Swimming Women's 200 metres Breaststroke,1st
Valentyna Ivanivna Kovpan,F,26,168.0,60.0,Soviet Union,URS,Archery,Archery Women's Individual,2nd
Lyudmila Vasilyevna Krokhina,F,22,172.0,85.0,Soviet Union,URS,Rowing,Rowing Women's Coxed Fours,3rd
Viktor Alekseyevich Krovopuskov,M,27,179.0,76.0,Soviet Union,URS,Fencing,"Fencing Men's Sabre, Individual",1st
"Nataliya Vasilyevna Lebedeva (-Suprun, -Monastyrskaya)",F,26,171.0,62.0,Soviet Union,URS,Athletics,Athletics Women's 100 metres Hurdles,3rd
Pavel Serafimovich Lednyov,M,33,184.0,80.0,Soviet Union,URS,Modern Pentathlon,Modern Pentathlon Men's Individual,2nd
Gennady Georgiyevich Lushchikov,M,27,182.0,78.0,Soviet Union,URS,Shooting,"Shooting Mixed Small-Bore Rifle, Prone, 50 metres",3rd
Vladimir Nikolayevich Marchenko,M,23,169.0,63.0,Soviet Union,URS,Gymnastics,Gymnastics Men's Floor Exercise,2nd
Vardan Militosyan,M,26,170.0,76.0,Soviet Union,URS,Weightlifting,Weightlifting Men's Middleweight,2nd
Yevgeny Vasilyevich Mironov,M,26,193.0,130.0,Soviet Union,URS,Athletics,Athletics Men's Shot Put,2nd
Farkhat Akhatovich Mustafin,M,25,160.0,57.0,Soviet Union,URS,Wrestling,"Wrestling Men's Bantamweight, Greco-Roman",3rd
Serhiy Viktorovych Nahorniy,M,19,188.0,89.0,Soviet Union,URS,Canoeing,"Canoeing Men's Kayak Doubles, 500 metres",2nd
Serhiy Viktorovych Nahorniy,M,19,188.0,89.0,Soviet Union,URS,Canoeing,"Canoeing Men's Kayak Doubles, 1,000 metres",1st
Suren Rubenovich Nalbandyan,M,20,163.0,68.0,Soviet Union,URS,Wrestling,"Wrestling Men's Lightweight, Greco-Roman",1st
Vladimir Aliverovich Nazlymov,M,30,176.0,73.0,Soviet Union,URS,Fencing,"Fencing Men's Sabre, Individual",2nd
Vladimir Mikhaylovich Nevzorov,M,23,174.0,73.0,Soviet Union,URS,Judo,Judo Men's Half-Middleweight,1st
Serhiy Petrovych Novikov,M,26,192.0,120.0,Soviet Union,URS,Judo,Judo Men's Heavyweight,1st
Yelena Dmitriyevna Novikova-Belova,F,28,176.0,69.0,Soviet Union,URS,Fencing,"Fencing Women's Foil, Individual",3rd
Viktor Vladimirovich Novozhilov,M,26,181.0,82.0,Soviet Union,URS,Wrestling,"Wrestling Men's Middleweight, Freestyle",2nd
Vladimir Yuryevich Osokin,M,22,181.0,73.0,Soviet Union,URS,Cycling,"Cycling Men's Team Pursuit, 4,000 metres",2nd
Serhiy Volodymyrovych Petrenko,M,19,183.0,80.0,Soviet Union,URS,Canoeing,"Canoeing Men's Canadian Doubles, 500 metres",1st
Serhiy Volodymyrovych Petrenko,M,19,183.0,80.0,Soviet Union,URS,Canoeing,"Canoeing Men's Canadian Doubles, 1,000 metres",1st
Pavel Pavlovich Pinigin,M,23,170.0,68.0,Soviet Union,URS,Wrestling,"Wrestling Men's Lightweight, Freestyle",1st
Volodymyr Serhiyovych Raskatov,M,18,,,Soviet Union,URS,Swimming,Swimming Men's 400 metres Freestyle,3rd
Valery Grigoryevich Rezantsev,M,29,176.0,90.0,Soviet Union,URS,Wrestling,"Wrestling Men's Light-Heavyweight, Greco-Roman",1st
David Adamovich Rigert,M,29,174.0,92.0,Soviet Union,URS,Weightlifting,Weightlifting Men's Middle-Heavyweight,1st
Rufat Asadovich Riskiyev,M,26,183.0,75.0,Soviet Union,URS,Boxing,Boxing Men's Middleweight,2nd
Aleksandr Nikolayevich Rogov,M,20,190.0,90.0,Soviet Union,URS,Canoeing,"Canoeing Men's Canadian Singles, 500 metres",1st
Aleksandr Anatolyevich Romankov,M,22,178.0,72.0,Soviet Union,URS,Fencing,"Fencing Men's Foil, Individual",2nd
Lyubov Petrovna Rusanova,F,22,165.0,65.0,Soviet Union,URS,Swimming,Swimming Women's 100 metres Breaststroke,2nd
Lyubov Petrovna Rusanova,F,22,165.0,65.0,Soviet Union,URS,Swimming,Swimming Women's 200 metres Breaststroke,3rd
Zebinisso Sanginovna Rustamova,F,21,156.0,52.0,Soviet Union,URS,Archery,Archery Women's Individual,3rd
Viktor Grigoryevich Rybakov,M,20,167.0,54.0,Soviet Union,URS,Boxing,Boxing Men's Bantamweight,3rd
Viktor Saneyev,M,30,188.0,78.0,Soviet Union,URS,Athletics,Athletics Men's Triple Jump,1st
Viktor Hryhorovych Savchenko,M,23,172.0,71.0,Soviet Union,URS,Boxing,Boxing Men's Light-Middleweight,3rd
Valery Petrovich Shary,M,29,174.0,84.0,Soviet Union,URS,Weightlifting,Weightlifting Men's Light-Heavyweight,1st
Aleksey Vasilyevich Shumakov,M,27,152.0,48.0,Soviet Union,URS,Wrestling,"Wrestling Men's Light-Flyweight, Greco-Roman",1st
Viktor Aleksandrovich Sidyak,M,32,176.0,76.0,Soviet Union,URS,Fencing,"Fencing Men's Sabre, Individual",3rd
Yuriy Heorhiyovych Siedykh,M,21,185.0,106.0,Soviet Union,URS,Athletics,Athletics Men's Hammer Throw,1st
Andrey Vladislavovich Smirnov,M,19,172.0,62.0,Soviet Union,URS,Swimming,Swimming Men's 400 metres Individual Medley,3rd
Vasily Anatolyevich Solomin,M,23,171.0,60.0,Soviet Union,URS,Boxing,Boxing Men's Lightweight,3rd
Aleksey Sergeyevich Spiridonov,M,24,192.0,117.0,Soviet Union,URS,Athletics,Athletics Men's Hammer Throw,2nd
Levan Tediashvili,M,28,186.0,90.0,Soviet Union,URS,Wrestling,"Wrestling Men's Light-Heavyweight, Freestyle",1st
Davit Torosyan,M,25,158.0,51.0,Soviet Union,URS,Boxing,Boxing Men's Flyweight,3rd
Lyudmila Ivanovna Turishcheva (-Borzova),F,23,160.0,52.0,Soviet Union,URS,Gymnastics,Gymnastics Women's Individual All-Around,3rd
Lyudmila Ivanovna Turishcheva (-Borzova),F,23,160.0,52.0,Soviet Union,URS,Gymnastics,Gymnastics Women's Floor Exercise,2nd
Lyudmila Ivanovna Turishcheva (-Borzova),F,23,160.0,52.0,Soviet Union,URS,Gymnastics,Gymnastics Women's Horse Vault,2nd
Yelena Sergeyevna Vaytsekhovskaya,F,18,165.0,55.0,Soviet Union,URS,Diving,Diving Women's Platform,1st
Aleksandr Nikiforovich Voronin,M,25,144.0,55.0,Soviet Union,URS,Weightlifting,Weightlifting Men's Flyweight,1st
Ivan Sergeyevich Yarygin,M,27,190.0,100.0,Soviet Union,URS,Wrestling,"Wrestling Men's Heavyweight, Freestyle",1st
Vladimir Sergeyevich Yumin,M,24,160.0,57.0,Soviet Union,URS,Wrestling,"Wrestling Men's Bantamweight, Freestyle",1st
Maryna Volodymyrivna Yurchenia,F,16,165.0,58.0,Soviet Union,URS,Swimming,Swimming Women's 200 metres Breaststroke,2nd
Vasyl Petrovych Yurchenko,M,26,195.0,96.0,Soviet Union,URS,Canoeing,"Canoeing Men's Canadian Singles, 1,000 metres",2nd
Yury Konstantinovich Zaytsev,M,25,177.0,110.0,Soviet Union,URS,Weightlifting,Weightlifting Men's Heavyweight,1st
va Angyal,F,21,163.0,63.0,Hungary,HUN,Handball,Handball Women's Handball,3rd
Pter Baczak,M,24,171.0,84.0,Hungary,HUN,Weightlifting,Weightlifting Men's Light-Heavyweight,3rd
Zoltn Bak,M,24,190.0,80.0,Hungary,HUN,Canoeing,"Canoeing Men's Kayak Doubles, 1,000 metres",3rd
Jzsef Balla,M,20,190.0,120.0,Hungary,HUN,Wrestling,"Wrestling Men's Super-Heavyweight, Freestyle",2nd
Tams Buday,M,24,190.0,85.0,Hungary,HUN,Canoeing,"Canoeing Men's Canadian Doubles, 500 metres",3rd
Tams Buday,M,24,190.0,85.0,Hungary,HUN,Canoeing,"Canoeing Men's Canadian Doubles, 1,000 metres",3rd
Gbor Csap,M,25,198.0,103.0,Hungary,HUN,Water Polo,Water Polo Men's Water Polo,1st
Gza Csap,M,25,183.0,82.0,Hungary,HUN,Canoeing,"Canoeing Men's Kayak Singles, 1,000 metres",2nd
Mrta Egervri (-Magyar),F,19,160.0,49.0,Hungary,HUN,Gymnastics,Gymnastics Women's Uneven Bars,3rd
Ildik Farkasinszky-Bbis (Bbis-),F,30,173.0,63.0,Hungary,HUN,Fencing,"Fencing Women's Foil, Team",3rd
Tams Kancsal,M,24,188.0,74.0,Hungary,HUN,Modern Pentathlon,Modern Pentathlon Men's Team,3rd
Gyrgy Kszegi,M,25,158.0,55.0,Hungary,HUN,Weightlifting,Weightlifting Men's Flyweight,2nd
Gyz Kulcsr,M,35,188.0,79.0,Hungary,HUN,Fencing,"Fencing Men's epee, Individual",3rd
Zoltn Magyar,M,22,165.0,60.0,Hungary,HUN,Gymnastics,Gymnastics Men's Pommelled Horse,1st
Mikls Nmeth,M,29,193.0,95.0,Hungary,HUN,Athletics,Athletics Men's Javelin Throw,1st
Anna Pfeffer,F,30,168.0,67.0,Hungary,HUN,Canoeing,"Canoeing Women's Kayak Doubles, 500 metres",2nd
Klra Rajnai,F,22,173.0,64.0,Hungary,HUN,Canoeing,"Canoeing Women's Kayak Singles, 500 metres",3rd
Lszl Rczi,M,29,168.0,62.0,Hungary,HUN,Wrestling,"Wrestling Men's Featherweight, Greco-Roman",3rd
Ildik Schwarczenberger-Tordasi (-Kovcs),F,24,161.0,60.0,Hungary,HUN,Fencing,"Fencing Women's Foil, Individual",1st
Zoltn Sztanity,M,22,183.0,82.0,Hungary,HUN,Canoeing,"Canoeing Men's Kayak Singles, 500 metres",2nd
Jzsef Tuncsik,M,26,167.0,63.0,Hungary,HUN,Judo,Judo Men's Lightweight,3rd
Tams Wichmann,M,28,187.0,86.0,Hungary,HUN,Canoeing,"Canoeing Men's Canadian Singles, 1,000 metres",3rd
Mudassar Asghar Saeed,M,28,176.0,74.0,Pakistan,PAK,Hockey,Hockey Men's Hockey,3rd
Gail Amundrud (-Beattie),F,19,183.0,70.0,Canada,CAN,Swimming,Swimming Women's 4 x 100 metres Freestyle Relay,3rd
"Deborah ""Debbie"" Clarke (-Zemba)",F,15,166.0,56.0,Canada,CAN,Swimming,Swimming Women's 4 x 100 metres Medley Relay,3rd
"Clayton T. ""Clay"" Evans",M,22,183.0,71.0,Canada,CAN,Swimming,Swimming Men's 4 x 100 metres Medley Relay,2nd
Nancy Ellen Garapick,F,14,168.0,54.0,Canada,CAN,Swimming,Swimming Women's 100 metres Backstroke,3rd
Nancy Ellen Garapick,F,14,168.0,54.0,Canada,CAN,Swimming,Swimming Women's 200 metres Backstroke,3rd
Cheryl Ann Gibson (-Brokop),F,16,173.0,59.0,Canada,CAN,Swimming,Swimming Women's 400 metres Individual Medley,2nd
"Gregory Andrew ""Greg"" Joy",M,20,194.0,71.0,Canada,CAN,Athletics,Athletics Men's High Jump,2nd
"Rebecca Gwendolyn ""Becky"" Smith (-Wiber)",F,17,161.0,56.0,Canada,CAN,Swimming,Swimming Women's 400 metres Individual Medley,3rd
Shannon Smith,F,14,174.0,63.0,Canada,CAN,Swimming,Swimming Women's 400 metres Freestyle,3rd
Michel Vaillancourt,M,21,178.0,67.0,Canada,CAN,Equestrianism,"Equestrianism Mixed Jumping, Individual",2nd
John Joseph Wood,M,26,180.0,80.0,Canada,CAN,Canoeing,"Canoeing Men's Canadian Singles, 500 metres",2nd
David Bell,M,21,170.0,65.0,Australia,AUS,Hockey,Hockey Men's Hockey,2nd
Mervyn Bennett,M,31,179.0,70.0,Australia,AUS,Equestrianism,"Equestrianism Mixed Three-Day Event, Team",3rd
John Edwin Bertrand,M,29,188.0,86.0,Australia,AUS,Sailing,Sailing Mixed One Person Dinghy,3rd
Ian Warwick Brown,M,22,184.0,70.0,Australia,AUS,Sailing,Sailing Mixed Two Person Dinghy,3rd
"Stephen Roy ""Steve"" Holland",M,18,,,Australia,AUS,Swimming,"Swimming Men's 1,500 metres Freestyle",3rd
Edgar Henri Cuepper,M,27,183.0,72.0,Belgium,BEL,Equestrianism,"Equestrianism Mixed Jumping, Team",3rd
Karel Lismont,M,27,168.0,62.0,Belgium,BEL,Athletics,Athletics Men's Marathon,3rd
Franois Mathy,M,31,180.0,77.0,Belgium,BEL,Equestrianism,"Equestrianism Mixed Jumping, Individual",3rd
Michal Maria Edmondus Michel Vaarten,M,19,180.0,82.0,Belgium,BEL,Cycling,"Cycling Men's 1,000 metres Time Trial",2nd
Ivo Van Damme,M,22,191.0,76.0,Belgium,BEL,Athletics,Athletics Men's 800 metres,2nd
Ivo Van Damme,M,22,191.0,76.0,Belgium,BEL,Athletics,"Athletics Men's 1,500 metres",2nd
Kenkichi Ando,M,26,154.0,59.0,Japan,JPN,Weightlifting,Weightlifting Men's Bantamweight,3rd
Masao Arai,M,27,164.0,64.0,Japan,JPN,Wrestling,"Wrestling Men's Bantamweight, Freestyle",3rd
Yuko Arakida,F,22,173.0,67.0,Japan,JPN,Volleyball,Volleyball Women's Volleyball,1st
Jiichiro Date,M,24,172.0,78.0,Japan,JPN,Wrestling,"Wrestling Men's Welterweight, Freestyle",1st
Sumio Endo,M,25,170.0,120.0,Japan,JPN,Judo,Judo Men's Heavyweight,3rd
Shun Fujimoto,M,26,166.0,61.0,Japan,JPN,Gymnastics,Gymnastics Men's Team All-Around,1st
Kazumasa Hirai,M,26,156.0,60.0,Japan,JPN,Weightlifting,Weightlifting Men's Featherweight,3rd
Koichiro Hirayama,M,29,156.0,58.0,Japan,JPN,Wrestling,"Wrestling Men's Flyweight, Greco-Roman",3rd
Hiroshi Kajiyama,M,23,159.0,52.0,Japan,JPN,Gymnastics,Gymnastics Men's Horse Vault,3rd
Sawao Kato,M,29,163.0,59.0,Japan,JPN,Gymnastics,Gymnastics Men's Individual All-Around,2nd
Sawao Kato,M,29,163.0,59.0,Japan,JPN,Gymnastics,Gymnastics Men's Parallel Bars,1st
Eizo Kenmotsu,M,28,161.0,57.0,Japan,JPN,Gymnastics,Gymnastics Men's Horizontal Bar,2nd
Eizo Kenmotsu,M,28,161.0,57.0,Japan,JPN,Gymnastics,Gymnastics Men's Pommelled Horse,2nd
Akira Kudo,M,22,156.0,52.0,Japan,JPN,Wrestling,"Wrestling Men's Light-Flyweight, Freestyle",3rd
Koji Kuramoto,M,24,174.0,70.0,Japan,JPN,Judo,Judo Men's Half-Middleweight,2nd
Hiroshi Michinaga,M,19,175.0,68.0,Japan,JPN,Archery,Archery Men's Individual,2nd
Kazuhiro Ninomiya,M,29,190.0,93.0,Japan,JPN,Judo,Judo Men's Half-Heavyweight,1st
Isamu Sonoda,M,29,177.0,80.0,Japan,JPN,Judo,Judo Men's Middleweight,1st
Yasaburo Sugawara,M,23,167.0,71.0,Japan,JPN,Wrestling,"Wrestling Men's Lightweight, Freestyle",3rd
Yuji Takada,M,22,162.0,52.0,Japan,JPN,Wrestling,"Wrestling Men's Flyweight, Freestyle",1st
Mitsuo Tsukahara,M,28,167.0,66.0,Japan,JPN,Gymnastics,Gymnastics Men's Individual All-Around,3rd
Mitsuo Tsukahara,M,28,167.0,66.0,Japan,JPN,Gymnastics,Gymnastics Men's Horse Vault,2nd
Mitsuo Tsukahara,M,28,167.0,66.0,Japan,JPN,Gymnastics,Gymnastics Men's Parallel Bars,3rd
Mitsuo Tsukahara,M,28,167.0,66.0,Japan,JPN,Gymnastics,Gymnastics Men's Horizontal Bar,1st
Haruki Uemura,M,25,174.0,103.0,Japan,JPN,Judo,Judo Men's Open Class,1st
Jean-Blaise Evquoz,M,22,180.0,77.0,Switzerland,SUI,Fencing,"Fencing Men's epee, Team",3rd
Ulrich Lehmann,M,32,184.0,75.0,Switzerland,SUI,Equestrianism,"Equestrianism Mixed Dressage, Team",2nd
Jrg Rthlisberger,M,21,183.0,88.0,Switzerland,SUI,Judo,Judo Men's Half-Heavyweight,3rd
Christine Stckelberger,F,29,162.0,48.0,Switzerland,SUI,Equestrianism,"Equestrianism Mixed Dressage, Individual",1st
Reinaldo Conrad,M,34,179.0,78.0,Brazil,BRA,Sailing,Sailing Mixed Two Person Heavyweight Dinghy,3rd
Joo Carlos de Oliveira,M,22,186.0,76.0,Brazil,BRA,Athletics,Athletics Men's Triple Jump,3rd
Otto Ammermann,M,43,183.0,71.0,West Germany,FRG,Equestrianism,"Equestrianism Mixed Three-Day Event, Team",2nd
Thomas Bach,M,22,171.0,65.0,West Germany,FRG,Fencing,"Fencing Men's Foil, Team",1st
Marion Becker (Steiner-),F,26,167.0,63.0,West Germany,FRG,Athletics,Athletics Women's Javelin Throw,2nd
Reinhold Behr,M,27,186.0,82.0,West Germany,FRG,Fencing,"Fencing Men's epee, Team",2nd
Harro Bode,M,25,180.0,77.0,West Germany,FRG,Sailing,Sailing Mixed Two Person Dinghy,1st
Harry Boldt,M,46,184.0,72.0,West Germany,FRG,Equestrianism,"Equestrianism Mixed Dressage, Individual",2nd
Harry Boldt,M,46,184.0,72.0,West Germany,FRG,Equestrianism,"Equestrianism Mixed Dressage, Team",1st
Gregor Braun,M,20,186.0,81.0,West Germany,FRG,Cycling,"Cycling Men's Individual Pursuit, 4,000 metres",1st
Gregor Braun,M,20,186.0,81.0,West Germany,FRG,Cycling,"Cycling Men's Team Pursuit, 4,000 metres",1st
Dirk Braunleder,M,19,,,West Germany,FRG,Swimming,Swimming Men's 4 x 100 metres Medley Relay,3rd
Eckart Diesch,M,22,187.0,76.0,West Germany,FRG,Sailing,Sailing Mixed Two Person Heavyweight Dinghy,1st
Edith Eckbauer (Baumann-),F,26,183.0,72.0,West Germany,FRG,Rowing,Rowing Women's Coxless Pairs,3rd
Hans-Johann Frber,M,29,192.0,102.0,West Germany,FRG,Rowing,Rowing Men's Coxed Fours,3rd
Eberhard Gienger,M,24,176.0,68.0,West Germany,FRG,Gymnastics,Gymnastics Men's Horizontal Bar,3rd
Hans-Jrgen Hehn,M,31,178.0,75.0,West Germany,FRG,Fencing,"Fencing Men's epee, Individual",2nd
Karl-Heinz Helbing,M,19,170.0,74.0,West Germany,FRG,Wrestling,"Wrestling Men's Welterweight, Greco-Roman",3rd
"Ingeborg ""Inge"" Helten",F,18,171.0,58.0,West Germany,FRG,Athletics,Athletics Women's 100 metres,3rd
"Ingeborg ""Inge"" Helten",F,18,171.0,58.0,West Germany,FRG,Athletics,Athletics Women's 4 x 100 metres Relay,2nd
"Bernhard Erich ""Bernd"" Herrmann",M,24,191.0,80.0,West Germany,FRG,Athletics,Athletics Men's 4 x 400 metres Relay,3rd
Klaus-Peter Hildenbrand,M,23,181.0,70.0,West Germany,FRG,Athletics,"Athletics Men's 5,000 metres",3rd
Reiner Klimke,M,40,184.0,66.0,West Germany,FRG,Equestrianism,"Equestrianism Mixed Dressage, Individual",3rd
Peter-Michael Kolbe,M,22,194.0,84.0,West Germany,FRG,Rowing,Rowing Men's Single Sculls,2nd
Guido Kratschmer,M,23,186.0,94.0,West Germany,FRG,Athletics,Athletics Men's Decathlon,2nd
Ulrich Lind,M,33,172.0,70.0,West Germany,FRG,Shooting,"Shooting Mixed Small-Bore Rifle, Prone, 50 metres",2nd
Gnther Neureuther,M,20,186.0,95.0,West Germany,FRG,Judo,Judo Men's Heavyweight,2nd
Peter Nocke,M,20,,,West Germany,FRG,Swimming,Swimming Men's 100 metres Freestyle,3rd
Alexander Pusch,M,21,186.0,77.0,West Germany,FRG,Fencing,"Fencing Men's epee, Individual",1st
Annegret Richter (Irrgang-),F,25,167.0,53.0,West Germany,FRG,Athletics,Athletics Women's 100 metres,1st
Annegret Richter (Irrgang-),F,25,167.0,53.0,West Germany,FRG,Athletics,Athletics Women's 200 metres,2nd
Jrg Schmall,M,33,175.0,66.0,West Germany,FRG,Sailing,Sailing Mixed Multihull,3rd
Alwin Schockemhle,M,39,170.0,72.0,West Germany,FRG,Equestrianism,"Equestrianism Mixed Jumping, Individual",1st
Alwin Schockemhle,M,39,170.0,72.0,West Germany,FRG,Equestrianism,"Equestrianism Mixed Jumping, Team",2nd
Karl Schultz,M,38,180.0,75.0,West Germany,FRG,Equestrianism,"Equestrianism Mixed Three-Day Event, Individual",3rd
Adolf Seger,M,31,172.0,75.0,West Germany,FRG,Wrestling,"Wrestling Men's Middleweight, Freestyle",3rd
Werner Seibold,M,28,174.0,78.0,West Germany,FRG,Shooting,"Shooting Mixed Small-Bore Rifle, Three Positions, 50 metres",3rd
Reinhard Skricek,M,28,176.0,67.0,West Germany,FRG,Boxing,Boxing Men's Welterweight,3rd
Karlheinz Smieszek,M,27,174.0,67.0,West Germany,FRG,Shooting,"Shooting Mixed Small-Bore Rifle, Prone, 50 metres",1st
Thomas Strau,M,22,189.0,89.0,West Germany,FRG,Rowing,Rowing Men's Coxless Pairs,3rd
Paul-Heinz Wellmann,M,24,182.0,70.0,West Germany,FRG,Athletics,"Athletics Men's 1,500 metres",3rd
Brigitte Ahrenholz,F,23,178.0,85.0,East Germany,GDR,Rowing,Rowing Women's Coxed Eights,1st
Hannelore Anke (-Hofmann),F,18,160.0,52.0,East Germany,GDR,Swimming,Swimming Women's 100 metres Breaststroke,1st
Hannelore Anke (-Hofmann),F,18,160.0,52.0,East Germany,GDR,Swimming,Swimming Women's 4 x 100 metres Medley Relay,1st
Jochen Bachfeld,M,23,172.0,54.0,East Germany,GDR,Boxing,Boxing Men's Welterweight,1st
Gabriele Badorek (Soltau-),F,23,180.0,75.0,East Germany,GDR,Handball,Handball Women's Handball,2nd
Bernd Baumgart,M,21,190.0,84.0,East Germany,GDR,Rowing,Rowing Men's Coxed Eights,1st
Frank Baumgartl,M,21,176.0,61.0,East Germany,GDR,Athletics,"Athletics Men's 3,000 metres Steeplechase",3rd
Dieter Below,M,34,183.0,82.0,East Germany,GDR,Sailing,Sailing Mixed Three Person Keelboat,3rd
Jrgen Bertow,M,26,184.0,79.0,East Germany,GDR,Rowing,Rowing Men's Double Sculls,3rd
Udo Beyer,M,20,195.0,135.0,East Germany,GDR,Athletics,Athletics Men's Shot Put,1st
Frank-Peter Bischof,M,21,183.0,81.0,East Germany,GDR,Canoeing,"Canoeing Men's Kayak Fours, 1,000 metres",3rd
Carla Bodendorf (Rietig-),F,22,164.0,58.0,East Germany,GDR,Athletics,Athletics Women's 4 x 100 metres Relay,1st
Christine Bodner-Laser,F,25,179.0,68.0,East Germany,GDR,Athletics,Athletics Women's Pentathlon,2nd
Petra Boesler (-Wach),F,20,174.0,69.0,East Germany,GDR,Rowing,Rowing Women's Double Sculls,2nd
Gerd Bonk,M,24,187.0,146.5,East Germany,GDR,Weightlifting,Weightlifting Men's Super-Heavyweight,2nd
Anke Borchmann (Grnberg-),F,22,176.0,65.0,East Germany,GDR,Rowing,Rowing Women's Coxed Quadruple Sculls,1st
Bernd Bransch,M,31,180.0,76.0,East Germany,GDR,Football,Football Men's Football,1st
Christina Brehmer-Lathan,F,18,169.0,57.0,East Germany,GDR,Athletics,Athletics Women's 400 metres,2nd
Christina Brehmer-Lathan,F,18,169.0,57.0,East Germany,GDR,Athletics,Athletics Women's 4 x 400 metres Relay,1st
Siegfried Brietzke,M,24,192.0,90.0,East Germany,GDR,Rowing,Rowing Men's Coxless Fours,1st
Hans-Dieter Brchert,M,23,166.0,57.0,East Germany,GDR,Wrestling,"Wrestling Men's Bantamweight, Freestyle",2nd
Roland Brckner,M,20,172.0,65.0,East Germany,GDR,Gymnastics,Gymnastics Men's Team All-Around,3rd
Karl-Heinz Buert,M,21,194.0,84.0,East Germany,GDR,Rowing,Rowing Men's Quadruple Sculls,1st
Hannes Waldemar Cierpinski,M,25,170.0,59.0,East Germany,GDR,Athletics,Athletics Men's Marathon,1st
Sabine Dhne,F,26,177.0,73.0,East Germany,GDR,Rowing,Rowing Women's Coxless Pairs,2nd
Ullrich Diener,M,21,189.0,83.0,East Germany,GDR,Rowing,Rowing Men's Coxed Fours,2nd
Carola Dombeck,F,16,159.0,44.0,East Germany,GDR,Gymnastics,Gymnastics Women's Team All-Around,3rd
Carola Dombeck,F,16,159.0,44.0,East Germany,GDR,Gymnastics,Gymnastics Women's Horse Vault,2nd
Joachim Dreifke,M,23,192.0,95.0,East Germany,GDR,Rowing,Rowing Men's Single Sculls,3rd
Brbel Eckert-Wckel,F,21,174.0,62.0,East Germany,GDR,Athletics,Athletics Women's 200 metres,1st
"Kornelia Ender (-Matthes, -Grummt)",F,17,172.0,59.0,East Germany,GDR,Swimming,Swimming Women's 100 metres Freestyle,1st
"Kornelia Ender (-Matthes, -Grummt)",F,17,172.0,59.0,East Germany,GDR,Swimming,Swimming Women's 200 metres Freestyle,1st
"Kornelia Ender (-Matthes, -Grummt)",F,17,172.0,59.0,East Germany,GDR,Swimming,Swimming Women's 4 x 100 metres Freestyle Relay,2nd
"Kornelia Ender (-Matthes, -Grummt)",F,17,172.0,59.0,East Germany,GDR,Swimming,Swimming Women's 100 metres Butterfly,1st
Peter Frenkel,M,37,182.0,75.0,East Germany,GDR,Athletics,Athletics Men's 20 kilometres Walk,3rd
"Ruth Fuchs (Gamm-, -Hellmann)",F,29,169.0,71.0,East Germany,GDR,Athletics,Athletics Women's Javelin Throw,1st
Hans-Jrgen Geschke,M,33,168.0,70.0,East Germany,GDR,Cycling,Cycling Men's Sprint,3rd
Klaus-Jrgen Grnke,M,25,172.0,73.0,East Germany,GDR,Cycling,"Cycling Men's 1,000 metres Time Trial",1st
Rdiger Helm,M,19,188.0,87.0,East Germany,GDR,Canoeing,"Canoeing Men's Kayak Singles, 500 metres",3rd
Rdiger Helm,M,19,188.0,87.0,East Germany,GDR,Canoeing,"Canoeing Men's Kayak Singles, 1,000 metres",1st
Sabine He (-Schubert),F,17,150.0,43.0,East Germany,GDR,Rowing,Rowing Women's Coxed Fours,1st
Gabriele Hinzmann (Trepscheck-),F,29,178.0,80.0,East Germany,GDR,Athletics,Athletics Women's Discus Throw,3rd
Gunhild Hoffmeister,F,32,172.0,56.0,East Germany,GDR,Athletics,"Athletics Women's 1,500 metres",2nd
Thomas Huschke,M,28,181.0,75.0,East Germany,GDR,Cycling,"Cycling Men's Individual Pursuit, 4,000 metres",3rd
Harald Jhrling,M,22,198.0,94.0,East Germany,GDR,Rowing,Rowing Men's Coxed Pairs,1st
Norbert Klaar,M,21,184.0,83.0,East Germany,GDR,Shooting,"Shooting Mixed Rapid-Fire Pistol, 25 metres",1st
Ulrike Klapezynski-Bruns,F,22,170.0,58.0,East Germany,GDR,Athletics,"Athletics Women's 1,500 metres",3rd
Christa Khler (-Kinast),F,24,162.0,56.0,East Germany,GDR,Diving,Diving Women's Springboard,2nd
Manfred Kokot,M,28,176.0,80.0,East Germany,GDR,Athletics,Athletics Men's 4 x 100 metres Relay,2nd
"Barbara ""Brbel"" Kster (-Madaus)",F,19,173.0,70.0,East Germany,GDR,Canoeing,"Canoeing Women's Kayak Doubles, 500 metres",3rd
Rosemarie Kother-Gabriel,F,20,160.0,50.0,East Germany,GDR,Swimming,Swimming Women's 200 metres Butterfly,3rd
Bernd Landvoigt,M,25,188.0,88.0,East Germany,GDR,Rowing,Rowing Men's Coxless Pairs,1st
Helmut Losch,M,28,179.0,108.5,East Germany,GDR,Weightlifting,Weightlifting Men's Super-Heavyweight,3rd
Joachim Mattern,M,28,178.0,72.0,East Germany,GDR,Canoeing,"Canoeing Men's Kayak Doubles, 500 metres",1st
Joachim Mattern,M,28,178.0,72.0,East Germany,GDR,Canoeing,"Canoeing Men's Kayak Doubles, 1,000 metres",2nd
Roland Matthes,M,25,189.0,74.0,East Germany,GDR,Swimming,Swimming Men's 100 metres Backstroke,3rd
Michael Nikolay,M,19,175.0,65.0,East Germany,GDR,Gymnastics,Gymnastics Men's Pommelled Horse,3rd
Richard Nowakowski,M,20,174.0,57.0,East Germany,GDR,Boxing,Boxing Men's Featherweight,2nd
Andrea Pollack (-Pinske),F,15,166.0,61.0,East Germany,GDR,Swimming,Swimming Women's 100 metres Butterfly,2nd
Andrea Pollack (-Pinske),F,15,166.0,61.0,East Germany,GDR,Swimming,Swimming Women's 200 metres Butterfly,1st
Burglinde Pollak (-Grimm),F,25,179.0,78.0,East Germany,GDR,Athletics,Athletics Women's Pentathlon,3rd
Uwe Potteck,M,21,177.0,78.0,East Germany,GDR,Shooting,"Shooting Mixed Free Pistol, 50 metres",1st
Petra Priemer (-Brinkmann),F,15,175.0,68.0,East Germany,GDR,Swimming,Swimming Women's 100 metres Freestyle,2nd
Hans-Georg Reimann,M,34,180.0,65.0,East Germany,GDR,Athletics,Athletics Men's 20 kilometres Walk,2nd
Ulrike Richter (-Schmidt),F,17,173.0,66.0,East Germany,GDR,Swimming,Swimming Women's 100 metres Backstroke,1st
Ulrike Richter (-Schmidt),F,17,173.0,66.0,East Germany,GDR,Swimming,Swimming Women's 200 metres Backstroke,1st
Johanna Schaller-Klier,F,23,176.0,70.0,East Germany,GDR,Athletics,Athletics Women's 100 metres Hurdles,1st
Christine Scheiblich (-Hahn),F,21,172.0,68.0,East Germany,GDR,Rowing,Rowing Women's Single Sculls,1st
Evelin Schlaak-Jahl (-Herberg),F,20,183.0,90.0,East Germany,GDR,Athletics,Athletics Women's Discus Throw,1st
Wolfgang Schmidt,M,22,199.0,115.0,East Germany,GDR,Athletics,Athletics Men's Discus Throw,2nd
Jochen Schmann,M,22,188.0,94.0,East Germany,GDR,Sailing,Sailing Mixed One Person Dinghy,1st
Siegrun Siegl (Thon-),F,21,174.0,60.0,East Germany,GDR,Athletics,Athletics Women's Pentathlon,1st
Renate Stecher (Meiner-),F,26,170.0,71.0,East Germany,GDR,Athletics,Athletics Women's 100 metres,2nd
Renate Stecher (Meiner-),F,26,170.0,71.0,East Germany,GDR,Athletics,Athletics Women's 200 metres,3rd
Ellen Strophal-Streidt (-Wendland-),F,23,168.0,55.0,East Germany,GDR,Athletics,Athletics Women's 400 metres,3rd
Ulrike Tauber (-Lebek),F,18,173.0,61.0,East Germany,GDR,Swimming,Swimming Women's 200 metres Butterfly,2nd
Ulrike Tauber (-Lebek),F,18,173.0,61.0,East Germany,GDR,Swimming,Swimming Women's 400 metres Individual Medley,1st
"Petra Thmer (-Deckert, -Katzur)",F,15,174.0,62.0,East Germany,GDR,Swimming,Swimming Women's 400 metres Freestyle,1st
"Petra Thmer (-Deckert, -Katzur)",F,15,174.0,62.0,East Germany,GDR,Swimming,Swimming Women's 800 metres Freestyle,1st
Birgit Treiber (-Beinroth),F,16,172.0,66.0,East Germany,GDR,Swimming,Swimming Women's 100 metres Backstroke,2nd
Birgit Treiber (-Beinroth),F,16,172.0,66.0,East Germany,GDR,Swimming,Swimming Women's 200 metres Backstroke,2nd
Angela Voigt (Schmalfeld-),F,25,171.0,63.0,East Germany,GDR,Athletics,Athletics Women's Long Jump,1st
Harald Vollmar,M,29,177.0,72.0,East Germany,GDR,Shooting,"Shooting Mixed Free Pistol, 50 metres",2nd
Frank Wartenberg,M,21,185.0,71.0,East Germany,GDR,Athletics,Athletics Men's Long Jump,3rd
Heinz-Helmut Wehling,M,25,165.0,62.0,East Germany,GDR,Wrestling,"Wrestling Men's Lightweight, Greco-Roman",3rd
Peter Wenzel,M,24,168.0,78.0,East Germany,GDR,Weightlifting,Weightlifting Men's Middleweight,3rd
Jrgen Wiefel,M,24,173.0,84.0,East Germany,GDR,Shooting,"Shooting Mixed Rapid-Fire Pistol, 25 metres",2nd
"Rosemarie ""Rosie"" Witschas-Ackermann",F,24,179.0,72.0,East Germany,GDR,Athletics,Athletics Women's High Jump,1st
Elfi Zinn (Rost-),F,22,165.0,55.0,East Germany,GDR,Athletics,Athletics Women's 800 metres,3rd
Carola Zirzow (-Drechsler),F,21,178.0,78.0,East Germany,GDR,Canoeing,"Canoeing Women's Kayak Singles, 500 metres",1st
John Robert Albrechtson,M,39,181.0,67.0,Sweden,SWE,Sailing,Sailing Mixed Two Person Keelboat,1st
Rolf Erik Sren Edling,M,32,196.0,91.0,Sweden,SWE,Fencing,"Fencing Men's epee, Team",1st
Sven Anders Grderud,M,29,186.0,70.0,Sweden,SWE,Athletics,"Athletics Men's 3,000 metres Steeplechase",1st
Bernt Harry Johansson,M,23,176.0,71.0,Sweden,SWE,Cycling,"Cycling Men's Road Race, Individual",1st
Ulrika Margareta Knape (-Lindberg),F,21,173.0,60.0,Sweden,SWE,Diving,Diving Women's Platform,2nd
"Christopher Latham ""Chris"" Baillieu",M,26,190.0,85.0,Great Britain,GBR,Rowing,Rowing Men's Double Sculls,2nd
Ian A. Banbury,M,18,183.0,70.0,Great Britain,GBR,Cycling,"Cycling Men's Team Pursuit, 4,000 metres",3rd
Brian Brinkley,M,22,190.0,79.0,Great Britain,GBR,Swimming,Swimming Men's 4 x 200 metres Freestyle Relay,3rd
Julian Brooke-Houghton,M,29,190.0,83.0,Great Britain,GBR,Sailing,Sailing Mixed Two Person Heavyweight Dinghy,2nd
"Richard James Scott ""Jim"" Clark",M,26,190.0,89.0,Great Britain,GBR,Rowing,Rowing Men's Coxed Eights,2nd
"Patrick ""Pat"" Cowdell",M,22,143.0,54.0,Great Britain,GBR,Boxing,Boxing Men's Bantamweight,3rd
Brendan Foster,M,28,178.0,68.0,Great Britain,GBR,Athletics,"Athletics Men's 10,000 metres",3rd
"Jeremy Robert ""Jim"" Fox",M,34,188.0,83.0,Great Britain,GBR,Modern Pentathlon,Modern Pentathlon Men's Team,1st
John Osborn,M,30,180.0,69.0,Great Britain,GBR,Sailing,Sailing Mixed Multihull,1st
Keith J. Remfry,M,28,193.0,114.0,Great Britain,GBR,Judo,Judo Men's Open Class,2nd
David Collin Starbrook,M,30,185.0,89.0,Great Britain,GBR,Judo,Judo Men's Half-Heavyweight,3rd
David Andrew Wilkie,M,22,182.0,76.0,Great Britain,GBR,Swimming,Swimming Men's 100 metres Breaststroke,2nd
David Andrew Wilkie,M,22,182.0,76.0,Great Britain,GBR,Swimming,Swimming Men's 200 metres Breaststroke,1st
Zdzisaw Antczak,M,28,188.0,82.0,Poland,POL,Handball,Handball Men's Handball,3rd
Bronisaw Bebel,M,27,191.0,91.0,Poland,POL,Volleyball,Volleyball Men's Volleyball,1st
Jan Janusz Benigier,M,26,174.0,70.0,Poland,POL,Football,Football Men's Football,2nd
Leszek Bayski,M,27,165.0,50.0,Poland,POL,Boxing,Boxing Men's Flyweight,3rd
Kazimierz Czarnecki,M,28,165.0,67.0,Poland,POL,Weightlifting,Weightlifting Men's Lightweight,3rd
Grzegorz Cziura,M,24,157.0,55.5,Poland,POL,Weightlifting,Weightlifting Men's Bantamweight,2nd
Wiesaw Gawlikowski,M,25,172.0,65.0,Poland,POL,Shooting,Shooting Mixed Skeet,3rd
Janusz Kazimierz Gortat,M,28,186.0,81.0,Poland,POL,Boxing,Boxing Men's Light-Heavyweight,3rd
Jerzy Greszkiewicz,M,26,170.0,68.0,Poland,POL,Shooting,"Shooting Mixed Running Target, 50 metres",3rd
Andrzej Jerzy Gronowicz,M,25,176.0,75.0,Poland,POL,Canoeing,"Canoeing Men's Canadian Doubles, 500 metres",2nd
Zbigniew Jaremski,M,27,182.0,75.0,Poland,POL,Athletics,Athletics Men's 4 x 400 metres Relay,2nd
Leszek Marian Kosedowski,M,22,174.0,60.0,Poland,POL,Boxing,Boxing Men's Featherweight,3rd
Czesaw Kwieciski,M,33,179.0,88.0,Poland,POL,Wrestling,"Wrestling Men's Light-Heavyweight, Greco-Roman",3rd
Kazimierz Lipie,M,27,164.0,62.0,Poland,POL,Wrestling,"Wrestling Men's Featherweight, Greco-Roman",1st
Bronisaw Malinowski,M,25,182.0,68.0,Poland,POL,Athletics,"Athletics Men's 3,000 metres Steeplechase",2nd
Tadeusz Mytnik,M,26,177.0,75.0,Poland,POL,Cycling,Cycling Men's 100 kilometres Team Time Trial,2nd
Mieczysaw Pawe Nowicki,M,25,176.0,74.0,Poland,POL,Cycling,"Cycling Men's Road Race, Individual",3rd
Janusz Gerard Pyciak-Peciak,M,27,171.0,68.0,Poland,POL,Modern Pentathlon,Modern Pentathlon Men's Individual,1st
Tadeusz Rutkowski,M,25,185.0,117.0,Poland,POL,Weightlifting,Weightlifting Men's Heavyweight,3rd
Jerzy Rybicki,M,23,179.0,70.0,Poland,POL,Boxing,Boxing Men's Light-Middleweight,1st
Andrzej Skrzydlewski,M,29,180.0,100.0,Poland,POL,Wrestling,"Wrestling Men's Heavyweight, Greco-Roman",3rd
Tadeusz lusarski,M,26,178.0,76.0,Poland,POL,Athletics,Athletics Men's Pole Vault,1st
Kazimierz Wiesaw Szczerba,M,22,177.0,63.0,Poland,POL,Boxing,Boxing Men's Light-Welterweight,3rd
Irena Szewiska-Kirszenstein,F,30,176.0,60.0,Poland,POL,Athletics,Athletics Women's 400 metres,1st
Marian Taaj,M,25,170.0,70.0,Poland,POL,Judo,Judo Men's Half-Middleweight,3rd
Jacek Roman Wszoa,M,19,195.0,75.0,Poland,POL,Athletics,Athletics Men's High Jump,1st
Paul Douglas Ackerley,M,27,179.0,68.0,New Zealand,NZL,Hockey,Hockey Men's Hockey,1st
Trevor Ivan Coker,M,26,192.0,87.0,New Zealand,NZL,Rowing,Rowing Men's Coxed Eights,3rd
"Theodorus Jacobus Leonardus ""Dick"" Quax",M,28,183.0,65.0,New Zealand,NZL,Athletics,"Athletics Men's 5,000 metres",2nd
John George Walker,M,24,183.0,74.0,New Zealand,NZL,Athletics,"Athletics Men's 1,500 metres",1st
Carlos Alberto de Sousa Lopes,M,29,167.0,55.0,Portugal,POR,Athletics,"Athletics Men's 10,000 metres",2nd
Armando da Silva Marques,M,39,162.0,66.0,Portugal,POR,Shooting,Shooting Mixed Trap,2nd
Pedro Jos Gamarro,M,21,178.0,67.0,Venezuela,VEN,Boxing,Boxing Men's Welterweight,2nd
Orlando Maldonado,M,17,158.0,47.0,Puerto Rico,PUR,Boxing,Boxing Men's Light-Flyweight,3rd
Ji Adam,M,25,187.0,83.0,Czechoslovakia,TCH,Modern Pentathlon,Modern Pentathlon Men's Team,2nd
Jan Brt,M,21,181.0,67.0,Czechoslovakia,TCH,Modern Pentathlon,Modern Pentathlon Men's Individual,3rd
Helena Fibingerov (-mdov),F,27,179.0,88.0,Czechoslovakia,TCH,Athletics,Athletics Women's Shot Put,3rd
Jaroslav Hellebrand,M,30,180.0,85.0,Czechoslovakia,TCH,Rowing,Rowing Men's Quadruple Sculls,3rd
Vtzslav Mcha,M,28,172.0,74.0,Czechoslovakia,TCH,Wrestling,"Wrestling Men's Welterweight, Greco-Roman",2nd
Josef Panek,M,38,180.0,92.0,Czechoslovakia,TCH,Shooting,Shooting Mixed Skeet,1st
Oldich Svojanovsk,M,30,187.0,94.0,Czechoslovakia,TCH,Rowing,Rowing Men's Coxed Pairs,3rd
Anton Tk,M,25,183.0,81.0,Czechoslovakia,TCH,Cycling,Cycling Men's Sprint,1st
Hasely Joachim Crawford,M,25,187.0,90.0,Trinidad and Tobago,TTO,Athletics,Athletics Men's 100 metres,1st
"Donald O'Reilly ""Don"" Quarrie",M,25,175.0,70.0,Jamaica,JAM,Athletics,Athletics Men's 100 metres,2nd
"Donald O'Reilly ""Don"" Quarrie",M,25,175.0,70.0,Jamaica,JAM,Athletics,Athletics Men's 200 metres,1st
Zevegiin Oidov,M,25,168.0,62.0,Mongolia,MGL,Wrestling,"Wrestling Men's Featherweight, Freestyle",2nd
Rudolf Dollinger,M,32,183.0,74.0,Austria,AUT,Shooting,"Shooting Mixed Free Pistol, 50 metres",3rd
Baek Myeong-Seon,F,20,173.0,64.0,South Korea,KOR,Volleyball,Volleyball Women's Volleyball,3rd
Jang Eun-Gyeong,M,25,157.0,66.0,South Korea,KOR,Judo,Judo Men's Lightweight,2nd
Jeon Hae-Seop,M,24,160.0,52.0,South Korea,KOR,Wrestling,"Wrestling Men's Flyweight, Freestyle",3rd
Jo Jae-Gi,M,26,183.0,93.0,South Korea,KOR,Judo,Judo Men's Open Class,3rd
Park Yeong-Cheol,M,22,175.0,80.0,South Korea,KOR,Judo,Judo Men's Middleweight,3rd
Yang Jeong-Mo,M,23,165.0,62.0,South Korea,KOR,Wrestling,"Wrestling Men's Featherweight, Freestyle",1st
Payao Poontarat,M,18,165.0,48.0,Thailand,THA,Boxing,Boxing Men's Light-Flyweight,3rd
Clarence Hill,M,25,187.0,90.0,Bermuda,BER,Boxing,Boxing Men's Heavyweight,3rd
Kreimir osi,M,27,209.0,94.0,Yugoslavia,YUG,Basketball,Basketball Men's Basketball,2nd
"Ivan ""Ivica"" Frgi",M,23,166.0,57.0,Yugoslavia,YUG,Wrestling,"Wrestling Men's Bantamweight, Greco-Roman",2nd
Tadija Kaar,M,20,184.0,73.0,Yugoslavia,YUG,Boxing,Boxing Men's Light-Middleweight,2nd
Matija Ljubek,M,22,180.0,85.0,Yugoslavia,YUG,Canoeing,"Canoeing Men's Canadian Singles, 500 metres",3rd
Matija Ljubek,M,22,180.0,85.0,Yugoslavia,YUG,Canoeing,"Canoeing Men's Canadian Singles, 1,000 metres",1st
Slavko Obadov,M,28,180.0,80.0,Yugoslavia,YUG,Judo,Judo Men's Middleweight,3rd
Momir Petkovi,M,22,179.0,82.0,Yugoslavia,YUG,Wrestling,"Wrestling Men's Middleweight, Greco-Roman",1st
Ace Rusevski,M,19,173.0,60.0,Yugoslavia,YUG,Boxing,Boxing Men's Lightweight,3rd
Gu Yong-Jo,M,21,172.0,57.0,North Korea,PRK,Boxing,Boxing Men's Bantamweight,1st
Li Byong-Uk,M,21,158.0,50.0,North Korea,PRK,Boxing,Boxing Men's Light-Flyweight,2nd
